id1,id2,similarity
00000000,00000615,0.0188596129931786
00000000,00000009,0.0158523019048837
00000001,00000615,0.014702889942578
00000002,00000950,0.014330942073132
00000002,00001028,0.0141502197747032
00000001,00000008,0.014100331466227
00000002,00001078,0.013434219808853
00000001,00000148,0.0131303277593152
00000003,00000151,0.0131078317974926
00000002,00000925,0.0129510581575353
00000003,00000137,0.0128781859317569
00000002,00000970,0.0127847070433033
00000002,00001072,0.012526945615612
00000002,00000764,0.0123713111152745
00000000,00000834,0.0122620814086125
00000001,00001080,0.0120441363492681
00000002,00001978,0.012014168931835
00000002,00001944,0.012014168931835
00000009,00001099,0.0119536129921123
00000000,00000833,0.0118395382695695
00000000,00000008,0.0117956435709143
00000009,00001132,0.0117608739541039
00000000,00000624,0.0117234716115998
00000003,00000131,0.0117182939025212
00000003,00000018,0.0117139885696738
00000009,00000880,0.0116492528976263
00000001,00000833,0.0116259875663171
00000000,00000961,0.0115087851159882
00000000,00001080,0.0114342203449772
00000003,00000006,0.0114315228043931
00000002,00001940,0.0113181042520778
00000003,00000022,0.0113149991764443
00000003,00000070,0.0110478424037148
00000003,00001555,0.0110397338443073
00000000,00000950,0.0109304701114537
00000009,00001041,0.0109154624614421
00000003,00000133,0.0108353652260929
00000002,00001122,0.010833446016424
00000002,00001038,0.010833446016424
00000002,00001116,0.010833446016424
00000000,00001028,0.0107110476065174
00000002,00001111,0.0106930023619369
00000002,00001077,0.0106852197141781
00000003,00000171,0.0106129085881144
00000003,00000150,0.0106035321592691
00000002,00001121,0.0105891772939898
00000000,00000148,0.0105690210568424
00000001,00000960,0.0105635457253028
00000002,00000784,0.0105424547916805
00000009,00000925,0.0105157416413083
00000018,00000042,0.0103525156695219
00000002,00001098,0.0103304593126247
00000015,00000050,0.0103263053237133
00000001,00000961,0.0102945094274181
00000009,00000744,0.0102646246742086
00000009,00000823,0.0102591051789179
00000018,00000054,0.010258627423326
00000009,00000332,0.010228858535492
00000000,00001099,0.0101757923403002
00000009,00000393,0.0101573146971241
00000009,00001706,0.0101534670768376
00000015,00000049,0.0101260987928131
00000015,00000054,0.0101237422656739
00000003,00000015,0.0101050938394021
00000009,00000191,0.0101032742834855
00000006,00000015,0.0100982925540193
00000018,00000154,0.0100789540624478
00000006,00000171,0.0100658861212156
00000009,00001078,0.0100634988102418
00000015,00000018,0.0100490153234603
00000018,00001153,0.0100427763489368
00000018,00000022,0.0100384345090792
00000008,00000009,0.0100310869408827
00000006,00000156,0.010019750233997
00000015,00001555,0.0099980121750085
00000005,00000006,0.0099953619543909
00000003,00000032,0.0099393456647991
00000001,00000834,0.0099162919459482
00000009,00000889,0.0099041794515932
00000015,00000029,0.0098996933989304
00000018,00000033,0.0098945854336139
00000018,00000151,0.0098942963765702
00000002,00001036,0.0098810939644753
00000009,00000950,0.0098783393338285
00000002,00000666,0.0098697442550109
00000015,00000133,0.0098613555346248
00000015,00000069,0.0098284645296225
00000018,00000052,0.0098256375134972
00000003,00001165,0.0098227149533883
00000009,00000991,0.0097844614642024
00000000,00000146,0.0097818597220477
00000000,00001036,0.009775696424769
00000002,00000753,0.0097665788256767
00000003,00000019,0.0097508443237888
00000003,00000050,0.0097426042779838
00000000,00000960,0.009722872324248
00000000,00000925,0.0097171742707504
00000000,00001030,0.0097056407816997
00000018,00001555,0.0096934908318518
00000009,00000775,0.0096776992132513
00000006,00001153,0.009668509509915
00000000,00001041,0.0096665086950051
00000009,00000615,0.0096546698034718
00000004,00000018,0.0096242085499732
00000003,00000054,0.009617302927359
00000009,00000543,0.0096116771552392
00000002,00000544,0.0095872203943771
00000018,00000081,0.009578564220929
00000015,00000024,0.0095744948174189
00000009,00001117,0.0095536487099636
00000018,00000141,0.0095489499520847
00000022,00000054,0.0095450620623471
00000002,00001099,0.009531308492632
00000015,00000019,0.0095308510693994
00000019,00000938,0.0095098045190725
00000022,00000149,0.0095063986435511
00000022,00000090,0.0094963139765177
00000022,00000141,0.0094951279805206
00000004,00000049,0.0094892869416821
00000018,00000165,0.0094879316827223
00000019,00001241,0.0094849505143084
00000009,00000738,0.0094819039968794
00000004,00000019,0.0094801627348857
00000002,00000862,0.0094766334814828
00000015,00000141,0.0094736176387149
00000022,00000133,0.0094665038070552
00000019,00000854,0.0094663513431043
00000000,00000393,0.0094562736443815
00000003,00000090,0.009451596550548
00000000,00000245,0.0094493098079123
00000009,00000960,0.0094471358396247
00000000,00000542,0.0094443156672011
00000021,00000022,0.0094278686623779
00000004,00000321,0.0094253324361894
00000001,00000987,0.009415343190739
00000003,00000037,0.0094147149166975
00000009,00000624,0.0093969429824253
00000009,00000730,0.0093777845127182
00000015,00002117,0.0093774168461825
00000018,00000170,0.0093702852606739
00000009,00000753,0.0093685184557783
00000003,00000024,0.0093646342307703
00000022,00000045,0.0093323767799028
00000000,00001098,0.009322090856105
00000008,00000729,0.0093038086188849
00000009,00000859,0.009303523331847
00000002,00001946,0.0092552722895289
00000002,00000623,0.0092407461406179
00000006,00000133,0.0092400719032572
00000009,00000952,0.0092115362910157
00000018,00000045,0.0092068006079893
00000003,00000042,0.0092015348995898
00000015,00001556,0.0091921856323288
00000004,00000006,0.0091885170736474
00000003,00000033,0.0091806993503075
00000006,00000050,0.0091802916776571
00000004,00000050,0.0091783194135264
00000019,00000154,0.0091702816325636
00000000,00001117,0.0091682084928057
00000015,00000052,0.0091619709980894
00000018,00000021,0.0091584551367619
00000004,00000022,0.0091545608811264
00000004,00000037,0.0091545103696802
00000015,00000762,0.0091509024815064
00000019,00001153,0.009145903438122
00000006,00001165,0.0091424451716252
00000006,00000018,0.0091410896274799
00000006,00000069,0.0091377095324927
00000002,00001924,0.0091354396960057
00000018,00000167,0.0091316954032818
00000018,00000153,0.0091242636552438
00000009,00000758,0.0091182811617043
00000000,00000001,0.0091042074452345
00000006,00000070,0.0090981015403995
00000004,00000171,0.009097148035207
00000018,00000037,0.0090889271415756
00000002,00001730,0.0090818788136795
00000006,00000141,0.009078256884915
00000002,00001120,0.0090685853278104
00000015,00000153,0.009063863197847
00000019,00000133,0.009063567366234
00000009,00001853,0.0090601172149899
00000022,00001981,0.0090593413398801
00000017,00000018,0.0090496837802756
00000001,00000731,0.0090403953352078
00000009,00000961,0.009033329908067
00000019,00000232,0.0090233145893762
00000009,00000833,0.0090149933965338
00000000,00000802,0.009006947482333
00000015,00000077,0.0089956290159548
00000019,00000321,0.0089799902123916
00000006,00000049,0.0089777703742345
00000008,00002098,0.0089752080693606
00000009,00000245,0.0089702628040899
00000009,00001080,0.0089599972000008
00000006,00001981,0.0089566138052064
00000003,00001153,0.0089529467566332
00000019,00000165,0.0089206680428256
00000003,00000052,0.0089133647360247
00000018,00001980,0.008904061710517
00000022,00000052,0.0088905354853251
00000006,00000019,0.0088901634253934
00000002,00002096,0.0088785890608402
00000003,00000155,0.0088699442529092
00000000,00001042,0.0088588684896133
00000002,00000116,0.0088555753837002
00000000,00000753,0.0088489881474517
00000003,00000049,0.0088434762326515
00000006,00000090,0.0088381594980579
00000009,00000776,0.0088128640705545
00000004,00000032,0.0088124670806564
00000018,00000072,0.0088113556991936
00000006,00000010,0.0088106970595562
00000019,00000762,0.0088073923178832
00000004,00000151,0.0088070088395298
00000002,00000614,0.0088021259626989
00000000,00001078,0.0087955471468893
00000008,00001041,0.0087948412973732
00000009,00001036,0.0087923622792417
00000009,00000148,0.0087911026572105
00000019,00000577,0.0087904116696148
00000009,00000229,0.0087859706003266
00000018,00000166,0.0087837596946914
00000001,00000757,0.008780272201032
00000002,00001101,0.0087792406645382
00000004,00000021,0.0087764195861358
00000009,00001051,0.0087668265722492
00000018,00000168,0.0087485341739949
00000000,00001062,0.0087455507264227
00000019,00001980,0.0087438716448314
00000008,00000757,0.0087417611642164
00000000,00000730,0.0087409024512298
00000008,00000987,0.0087326434115086
00000019,00000677,0.0087225571722389
00000003,00000030,0.0087171047709242
00000006,00000037,0.0087092025237763
00000015,00000131,0.0087015855139632
00000019,00000151,0.0086825194807207
00000022,00000131,0.0086765632833992
00000019,00001093,0.0086694544928049
00000019,00000055,0.0086678646878816
00000018,00000133,0.0086637252180886
00000009,00000622,0.0086633215092178
00000018,00000155,0.0086632653938001
00000008,00000753,0.0086568701390883
00000022,00000150,0.0086448462214347
00000008,00000546,0.0086419769366185
00000019,00000050,0.0086417199681078
00000000,00000932,0.0086394586206435
00000019,00001165,0.0086304790392586
00000019,00001555,0.0086247801477922
00000022,00000023,0.0086227182495629
00000006,00000033,0.0086191375207222
00000019,00002125,0.0086185991094184
00000008,00000147,0.008618332762381
00000002,00000622,0.0086118010820598
00000015,00000021,0.0086086647545349
00000000,00001706,0.0086084046748828
00000009,00000739,0.0085996666605649
00000018,00000044,0.0085981649524936
00000019,00000567,0.0085901288493112
00000015,00000045,0.0085878015766535
00000019,00000578,0.0085865143797191
00000019,00000663,0.0085863388827605
00000000,00001132,0.0085862809478396
00000000,00000530,0.0085844825418116
00000009,00000727,0.0085620049013088
00000018,00000076,0.0085575965710069
00000000,00000835,0.0085565440732654
00000000,00000147,0.0085562485936456
00000018,00000055,0.0085537922669468
00000010,00000029,0.0085479410745616
00000019,00000378,0.0085429552816648
00000000,00000541,0.0085352693280168
00000006,00000054,0.008529317446369
00000002,00000802,0.0085258144087252
00000002,00000992,0.008524535191641
00000019,00000166,0.0085179738072565
00000008,00000393,0.0085165414415652
00000003,00000153,0.008511307001737
00000019,00000054,0.0085102857508681
00000004,00000141,0.0084958646894577
00000000,00001737,0.0084934583160101
00000001,00000729,0.0084858561834092
00000009,00001643,0.0084855600720837
00000018,00001763,0.0084661585541905
00000009,00000785,0.0084523252793603
00000009,00000649,0.0084382660480888
00000015,00000042,0.0084282913624931
00000004,00000705,0.0084191670168443
00000006,00001555,0.0084147894392697
00000009,00001079,0.0084140823410705
00000006,00000024,0.008399846860702
00000000,00000823,0.0083983716108999
00000010,00000045,0.008391853028864
00000022,00000042,0.0083852823299456
00000004,00000133,0.0083843661814614
00000015,00001981,0.0083644893629594
00000000,00002098,0.0083636919594669
00000009,00000064,0.0083612254548639
00000017,00000090,0.0083577695687075
00000009,00000251,0.0083536930382364
00000002,00001939,0.0083526379327221
00000019,00000051,0.0083494369837658
00000009,00000832,0.0083375114609613
00000019,00001584,0.0083361423209063
00000000,00000332,0.0083293753464165
00000008,00000950,0.0083257727932735
00000012,00000015,0.0083248246586346
00000009,00000995,0.0083237572741269
00000001,00001029,0.0083225723169193
00000023,00000337,0.0083152971472755
00000002,00001971,0.0083151204291087
00000015,00000159,0.0083073527855224
00000010,00000070,0.0083071169109835
00000023,00001460,0.0083066836317227
00000023,00000045,0.0083033152825928
00000004,00000137,0.0082999491384952
00000019,00000254,0.0082997331296899
00000003,00000004,0.0082947953247609
00000019,00000579,0.0082945774845177
00000004,00001152,0.0082945381170198
00000001,00001041,0.0082904732044128
00000019,00000150,0.0082901019577801
00000022,00000029,0.0082832001039444
00000023,00001153,0.0082755677172548
00000002,00000651,0.0082726411892729
00000006,00000131,0.0082720193794672
00000023,00000070,0.0082704180362148
00000018,00000132,0.008268727590494
00000022,00000153,0.0082666843262095
00000018,00000029,0.0082617519059035
00000019,00001001,0.0082610239530113
00000015,00000155,0.0082608094448722
00000002,00001043,0.0082586269894011
00000002,00001967,0.008254700122537
00000010,00000033,0.0082494071084799
00000018,00000023,0.0082434815728576
00000022,00000068,0.0082414917029559
00000002,00001706,0.0082388533290255
00000002,00000229,0.008237721413274
00000004,00000016,0.0082355112944855
00000008,00000932,0.0082332077192101
00000023,00000032,0.0082302717926196
00000000,00000991,0.0082295545434647
00000003,00001556,0.0082257203122048
00000023,00001619,0.0082256738523329
00000017,00000019,0.0082212867927077
00000019,00000809,0.0082207489868004
00000001,00001055,0.0082196003906617
00000018,00000854,0.0082186067119039
00000004,00000674,0.0082176781899239
00000023,00001241,0.0082152728410495
00000015,00000154,0.0082121500499256
00000006,00000150,0.0082021712049298
00000006,00000023,0.0081938538594356
00000019,00000052,0.0081885986608312
00000019,00000346,0.0081849333331834
00000018,00000038,0.0081819122136101
00000002,00000009,0.0081777625154605
00000008,00000834,0.0081760260890285
00000017,00000051,0.0081728836252006
00000019,00000684,0.0081715710723192
00000019,00001286,0.0081711146310031
00000002,00000858,0.0081679357298519
00000019,00000703,0.0081676685154923
00000019,00000755,0.0081670700187677
00000001,00000009,0.0081607407924408
00000019,00001270,0.0081555558791097
00000019,00000032,0.0081551793651662
00000018,00000024,0.008155001776316
00000002,00001058,0.008154162139497
00000019,00000676,0.0081538207535491
00000023,00000055,0.0081494714737721
00000004,00000015,0.0081494091504275
00000009,00000714,0.0081445164510259
00000023,00000239,0.0081432220996232
00000019,00001451,0.0081392485129813
00000022,00000154,0.0081353444443713
00000002,00001945,0.0081350339165596
00000033,00000052,0.0081319006797822
00000010,00000153,0.008129827651152
00000008,00000174,0.0081298165574923
00000015,00000142,0.0081281583958992
00000004,00000176,0.0081281175679817
00000022,00000155,0.0081274154927865
00000002,00000652,0.0081229256860628
00000019,00000782,0.0081216995836166
00000002,00001868,0.0081208260353167
00000019,00000942,0.0081205432794128
00000001,00001051,0.0081188496718844
00000004,00000156,0.0081106376316829
00000008,00000542,0.0081097589346437
00000004,00000683,0.0081075768160614
00000009,00000798,0.0081061578152756
00000000,00000752,0.0081034791135657
00000023,00000170,0.0081003015488538
00000008,00000721,0.0081001733968087
00000023,00001620,0.0080977147642496
00000019,00000230,0.008094042358237
00000010,00000081,0.0080937864541339
00000008,00001029,0.0080892223849875
00000021,00000024,0.0080871386224975
00000010,00000055,0.0080861213379658
00000003,00000141,0.0080817283523878
00000022,00000170,0.0080794103864854
00000008,00000146,0.0080723754679405
00000022,00000159,0.0080716049495235
00000021,00000033,0.0080705463480088
00000019,00000149,0.0080697881028006
00000008,00001099,0.0080697006603545
00000023,00000030,0.008069438344386
00000023,00000338,0.0080673404304165
00000015,00000072,0.0080614895230527
00000015,00001167,0.0080591142721557
00000016,00000019,0.0080583665957981
00000018,00000032,0.0080570771924695
00000010,00000171,0.0080566864406013
00000002,00001123,0.0080533153660774
00000004,00000052,0.0080473933707485
00000009,00000741,0.0080458842280792
00000010,00000011,0.0080452367793616
00000011,00000015,0.0080428276645977
00000021,00000153,0.0080423835182188
00000019,00000077,0.0080420400786533
00000002,00000660,0.0080379836921016
00000002,00001966,0.0080357715430738
00000019,00000043,0.0080355907417821
00000002,00000961,0.0080339949197878
00000004,00001981,0.008032359859919
00000019,00000049,0.0080311944061044
00000009,00000909,0.0080294803075206
00000010,00000042,0.0080281480079539
00000021,00000329,0.0080281317811167
00000002,00001059,0.0080229680966556
00000003,00000154,0.008022772156931
00000019,00000990,0.0080219786743599
00000001,00000931,0.0080196555963211
00000000,00000738,0.0080158967601031
00000008,00001051,0.0080130828837365
00000021,00000150,0.0080115949059087
00000009,00001098,0.0080110396272402
00000009,00000537,0.0080085511226403
00000001,00000542,0.0080080950971068
00000019,00000159,0.0080072321179737
00000009,00000743,0.0080066461418169
00000018,00000149,0.0080027450822364
00000019,00000033,0.0080016771093257
00000001,00000546,0.0080016658741636
00000001,00002098,0.0079938572593447
00000001,00000174,0.0079929617639545
00000033,00001153,0.0079919436681138
00000023,00000525,0.0079907480169749
00000018,00000152,0.0079899574466736
00000015,00000226,0.0079875968962014
00000009,00001060,0.0079853355239718
00000009,00000407,0.007985144823351
00000023,00001093,0.0079840868922444
00000023,00000875,0.0079829251934521
00000004,00000054,0.0079810906995376
00000018,00000525,0.0079806198168546
00000024,00000167,0.0079785314004321
00000019,00000076,0.0079784362114066
00000002,00000834,0.0079773834557178
00000000,00000880,0.0079769795199181
00000017,00000166,0.007969625531209
00000019,00000024,0.0079623750563438
00000002,00001806,0.0079619165359442
00000015,00000031,0.0079615335087553
00000009,00000715,0.0079547302824987
00000009,00001147,0.0079528305504413
00000017,00000170,0.0079518019077238
00000003,00000854,0.0079495303801827
00000030,00000141,0.007948634665294
00000006,00001584,0.0079418929155663
00000000,00000739,0.0079382037197732
00000023,00000137,0.0079372855612157
00000009,00000764,0.0079352010244468
00000000,00000832,0.0079328506273132
00000000,00000729,0.0079301043391474
00000030,00000132,0.0079295838051415
00000019,00000168,0.0079263858203614
00000029,00000030,0.0079247415580298
00000021,00002027,0.0079233240433519
00000006,00000153,0.0079230596628057
00000023,00000705,0.0079205575426644
00000008,00000541,0.007919201332305
00000017,00000142,0.0079134304327282
00000033,00001555,0.0079114997540935
00000024,00000151,0.0079106479184697
00000010,00000072,0.0079106159304591
00000032,00000142,0.0079082705298001
00000002,00000932,0.0079048761250571
00000004,00000131,0.0079042240006136
00000009,00000835,0.0079022773247651
00000000,00000191,0.0079006535254327
00000015,00000619,0.0079005578045042
00000010,00000168,0.0078986200736144
00000000,00000721,0.007897350351953
00000023,00000257,0.0078950893739151
00000030,00000049,0.0078925117362213
00000009,00000772,0.0078875447176702
00000021,00001152,0.0078867791810739
00000002,00002098,0.0078864275491629
00000002,00000259,0.0078836047161846
00000000,00001774,0.0078828162400255
00000023,00000321,0.0078789652630516
00000010,00000167,0.0078781028985831
00000006,00000321,0.0078776431427415
00000010,00000038,0.0078772146853513
00000023,00000312,0.0078763280922829
00000030,00000383,0.0078759073499295
00000017,00001981,0.0078733403285476
00000030,00000155,0.00786440996885
00000019,00001403,0.0078633144393494
00000024,00001153,0.0078598854526276
00000015,00000076,0.0078597006967065
00000023,00001001,0.0078591832378357
00000017,00001686,0.0078589146385116
00000030,00000033,0.0078549975318292
00000015,00001262,0.0078547678168579
00000030,00000576,0.0078500414026918
00000006,00000052,0.0078490598578244
00000033,00000576,0.0078475132946773
00000004,00000045,0.0078471393162382
00000000,00001051,0.007846219556106
00000030,00001165,0.0078434226122656
00000009,00001924,0.0078406417324066
00000004,00000938,0.0078391078612964
00000000,00001053,0.007834643311294
00000002,00001972,0.0078345730662163
00000009,00000651,0.0078333627072482
00000019,00000021,0.0078329741606633
00000023,00000378,0.0078301361312943
00000015,00000782,0.0078298639009176
00000019,00001460,0.0078282570983296
00000032,00000153,0.0078264514018341
00000010,00000156,0.0078263149450479
00000008,00000439,0.0078247567777705
00000009,00000259,0.0078237413829432
00000015,00000149,0.007820543724448
00000003,00001241,0.0078170046091414
00000009,00000147,0.0078126704357492
00000010,00000019,0.0078097898604531
00000021,00000282,0.0078060819450408
00000004,00000030,0.007803261972112
00000004,00001153,0.0078027249769231
00000000,00001328,0.0078009064316173
00000002,00001929,0.0077971633440046
00000030,00002117,0.0077969564791678
00000002,00001130,0.0077969490582116
00000019,00000674,0.0077961356215448
00000019,00000653,0.0077911400034666
00000023,00001451,0.0077894347115139
00000009,00000623,0.0077882470508116
00000009,00000146,0.0077829375577684
00000019,00000630,0.0077816798055339
00000019,00000934,0.0077773090221223
00000019,00000045,0.0077738541050091
00000022,00000321,0.0077737162487999
00000024,00000171,0.0077720374695789
00000015,00000596,0.0077711204857472
00000008,00001060,0.0077710665793623
00000019,00000619,0.0077710048413445
00000009,00000742,0.0077708744575603
00000002,00001878,0.0077706565467271
00000000,00000775,0.007767108577804
00000015,00000327,0.0077599695171119
00000010,00000137,0.0077557919621469
00000032,00000054,0.0077537434001459
00000005,00001502,0.0077533457421253
00000002,00000863,0.0077520915748937
00000010,00000015,0.0077514355342571
00000015,00001584,0.0077513722741541
00000002,00000743,0.0077493814838074
00000002,00001885,0.0077491359138797
00000002,00001328,0.00774810890387
00000033,00001556,0.0077450533045588
00000024,00001981,0.0077436320867301
00000024,00000149,0.0077428452877054
00000017,00000154,0.0077399154108121
00000032,00000052,0.0077387035073793
00000019,00000401,0.0077362068670404
00000021,00000054,0.0077346364445881
00000004,00000024,0.0077317811883272
00000023,00001796,0.007727200214026
00000004,00001165,0.0077269961337901
00000003,00000029,0.007726410374064
00000022,00000230,0.0077261416648717
00000015,00001980,0.0077239917536582
00000000,00001924,0.0077220877916167
00000019,00001261,0.0077178118514858
00000009,00000910,0.0077171148004431
00000009,00001053,0.0077164560348276
00000000,00000002,0.0077148663742199
00000003,00000023,0.0077145330827585
00000009,00001017,0.007714099937709
00000006,00001451,0.0077086539097164
00000001,00001042,0.007705893004541
00000019,00000763,0.0077052787320151
00000019,00000940,0.007704918186974
00000004,00000051,0.0077022459516961
00000018,00002117,0.0077021780606861
00000001,00000541,0.0076974205255072
00000009,00001967,0.0076967868122999
00000023,00000325,0.0076963077546031
00000002,00000146,0.0076958197194107
00000023,00000401,0.0076950118860786
00000000,00001055,0.0076945511175274
00000019,00001449,0.0076943659221868
00000009,00000642,0.0076937399375963
00000030,00001152,0.007688702349632
00000021,00000137,0.0076881286945068
00000008,00001117,0.0076875226613355
00000004,00001584,0.0076859665317533
00000021,00000151,0.007684244344337
00000024,00000321,0.0076832515760771
00000030,00000854,0.0076784121283668
00000022,00000076,0.0076783455564808
00000023,00001555,0.0076774226652193
00000030,00001241,0.0076760899916604
00000124,00000376,0.0076754858548815
00000032,00000321,0.0076748997892494
00000004,00000069,0.0076740307431957
00000009,00000425,0.0076708213827891
00000018,00000194,0.0076691409756997
00000023,00000156,0.0076679538242597
00000017,00000042,0.0076674101723985
00000019,00001245,0.0076660217878501
00000124,00000425,0.0076657716092271
00000018,00001556,0.0076653968201983
00000009,00000858,0.0076647997440076
00000006,00000155,0.007658340060401
00000006,00000017,0.0076558153987773
00000007,00000131,0.007655387927812
00000019,00002056,0.007654077195274
00000015,00001502,0.0076481719531628
00000019,00001556,0.0076472197147415
00000017,00000022,0.0076446399567749
00000019,00001182,0.0076442493983022
00000124,00000744,0.0076426973674466
00000010,00000525,0.0076417732234766
00000019,00000059,0.0076411245847493
00000124,00000848,0.0076378972846398
00000023,00000567,0.0076377210371805
00000015,00000170,0.0076351957171324
00000124,00000947,0.0076338910001601
00000019,00000226,0.0076323627272932
00000019,00001167,0.0076322169554562
00000124,00001146,0.0076302593526737
00000004,00002126,0.0076280594703703
00000015,00000990,0.0076275543071601
00000011,00000033,0.0076274460031966
00000009,00000302,0.0076265273186919
00000019,00000613,0.0076259353948198
00000010,00000131,0.0076255866730957
00000007,00000075,0.0076245415863039
00000003,00001981,0.0076239792388026
00000019,00000262,0.007623765497552
00000006,00000525,0.0076235783729355
00000009,00000830,0.0076202958748241
00000006,00001556,0.0076190166171896
00000124,00000780,0.0076185533909049
00000023,00002125,0.0076183948617683
00000023,00000840,0.0076151062066555
00000124,00001784,0.0076147823635802
00000002,00000721,0.0076137658876195
00000004,00000577,0.0076134748839902
00000008,00000768,0.007612265113487
00000019,00000609,0.0076103769421929
00000124,00000879,0.0076099916440582
00000018,00000676,0.0076088244995418
00000010,00001556,0.0076069980760804
00000030,00000171,0.0076063438504748
00000000,00000952,0.0076046227417394
00000009,00001954,0.0076034863544243
00000000,00000859,0.0076022929840844
00000124,00000370,0.0076021704048025
00000009,00000375,0.0076018635330013
00000019,00002126,0.0076017462580805
00000016,00000487,0.0076002793046978
00000019,00000890,0.0075969270096396
00000002,00000728,0.007595328112936
00000008,00000802,0.0075952603331803
00000010,00001153,0.0075947603848231
00000004,00001394,0.0075947410219501
00000017,00000942,0.007593700852727
00000000,00001079,0.0075908862570511
00000001,00001123,0.0075905846913788
00000002,00001298,0.0075898128627501
00000017,00000576,0.0075891009504672
00000008,00001328,0.0075876704985545
00000037,00000170,0.0075859560728509
00000022,00001584,0.007584834913295
00000033,00000154,0.0075825470906765
00000016,00001240,0.0075825005938291
00000015,00000232,0.0075824584839687
00000004,00000254,0.0075814751762679
00000015,00000321,0.0075808911017301
00000000,00000889,0.0075788896191207
00000019,00000153,0.0075788694606346
00000019,00000547,0.0075787712991042
00000008,00000392,0.0075767236335254
00000009,00000790,0.0075742577404242
00000000,00001643,0.0075733596995709
00000019,00001346,0.0075722317609459
00000010,00001159,0.0075720331595341
00000018,00000142,0.0075701342862535
00000018,00000578,0.0075685868537378
00000009,00000546,0.0075674786864438
00000124,00001099,0.0075671667452026
00000030,00000090,0.0075671483965187
00000002,00000832,0.0075664276257735
00000017,00000151,0.0075662275816334
00000124,00000406,0.0075657366884432
00000021,00000762,0.0075641046209297
00000019,00001201,0.0075626652486669
00000023,00000578,0.0075610851015495
00000033,00000166,0.0075586999903347
00000124,00002068,0.007557784716613
00000021,00000683,0.0075570970996341
00000124,00000183,0.007556090737655
00000019,00000240,0.0075556760725241
00000019,00000761,0.0075552449039045
00000002,00002069,0.0075551543211975
00000124,00001940,0.007554994064806
00000021,00000159,0.0075530306051252
00000124,00000881,0.0075529818581377
00000064,00000714,0.0075509289626678
00000226,00000401,0.0075502878247691
00000015,00000854,0.0075489284854904
00000064,00000226,0.0075481729288997
00000004,00000081,0.0075477852105976
00000022,00001560,0.0075468734471912
00000022,00000763,0.0075444130464838
00000124,00000781,0.0075441959271518
00000019,00000875,0.0075439883727542
00000124,00000487,0.0075428544068887
00000030,00000990,0.0075427910329455
00000019,00001763,0.0075401190109116
00000002,00001968,0.0075395820580127
00000016,00001250,0.0075394996568248
00000226,00000855,0.0075379716580731
00000226,00000807,0.0075367987626659
00000064,00001502,0.00753675715889
00000002,00000830,0.0075366895537338
00000226,00000481,0.007535835059778
00000009,00000721,0.0075357553400018
00000008,00001030,0.0075354728682847
00000124,00000877,0.0075346481027543
00000017,00000133,0.0075343691788013
00000226,00000336,0.0075340781497363
00000019,00000179,0.0075339231166456
00000064,00001749,0.0075326190126448
00000064,00000715,0.0075320130090883
00000000,00001739,0.0075311708260902
00000033,00000168,0.0075293754327012
00000021,00000284,0.0075292214580973
00000124,00001127,0.0075291695579645
00000006,00002117,0.007526834792316
00000124,00000258,0.0075264985324499
00000002,00001731,0.0075263956723224
00000023,00000829,0.007525890056273
00000226,00001028,0.0075254182092476
00000010,00000022,0.0075251935409827
00000000,00000800,0.0075251002211853
00000030,00000152,0.0075250233204992
00000004,00000029,0.007524101498678
00000226,00001117,0.0075238294013931
00000002,00001364,0.0075234139511251
00000023,00000043,0.0075200488546142
00000004,00000010,0.0075198115640969
00000226,00001421,0.0075195371886412
00000124,00000790,0.007519148093004
00000001,00002068,0.0075187366099464
00000124,00000138,0.0075184640380034
00000019,00000525,0.0075162005569484
00000010,00000165,0.0075157756056566
00000226,00000950,0.0075146337332706
00000019,00001226,0.0075143717978985
00000050,00000149,0.0075140736963048
00000005,00000686,0.0075137368527375
00000009,00001822,0.0075133173481208
00000119,00000226,0.0075129934915896
00000019,00000135,0.007512818655121
00000226,00001162,0.007512724780769
00000021,00000312,0.0075110122010396
00000226,00000878,0.0075097151554132
00000019,00000081,0.0075096359873086
00000016,00001182,0.0075094200045558
00000019,00000072,0.0075093993534693
00000226,00001634,0.0075087833149555
00000005,00000706,0.0075084968398572
00000029,00001152,0.0075080409335788
00000019,00000061,0.0075077803176922
00000009,00001018,0.0075076194845728
00000030,00000653,0.0075075868027493
00000000,00000764,0.0075074173778566
00000030,00000077,0.0075047789487835
00000021,00000679,0.0075040124413448
00000226,00001811,0.0075039342526385
00000017,00000045,0.0075030734253861
00000124,00000751,0.007502769348
00000226,00001956,0.007502622471989
00000124,00001073,0.007501057010826
00000019,00002117,0.0075008183418448
00000000,00000124,0.0074984496461074
00000030,00000133,0.0074982463169796
00000021,00001785,0.0074981785430541
00000023,00000716,0.0074978740044603
00000064,00001471,0.0074972975934997
00000124,00000831,0.007496841331005
00000064,00000896,0.0074963936988473
00000124,00000429,0.0074963842665608
00000021,00001613,0.0074959718416087
00000124,00001823,0.0074953734345419
00000016,00000782,0.0074939858065262
00000002,00000965,0.0074929944686343
00000019,00001244,0.0074923888277251
00000070,00001093,0.00749201367073
00000015,00000030,0.0074884301605848
00000022,00000142,0.0074869578578727
00000032,00000154,0.0074862197857078
00000021,00000723,0.0074859897558817
00000009,00000879,0.0074859059567072
00000015,00000081,0.0074854553545402
00000226,00001309,0.0074852176773393
00000019,00001937,0.0074840226804622
00000064,00000173,0.0074802085957339
00000017,00000676,0.0074792046817155
00000004,00000023,0.0074790186116135
00000017,00000081,0.0074787779291604
00000023,00001182,0.0074786763692267
00000124,00000143,0.0074780935197577
00000022,00000030,0.0074776506831731
00000226,00000330,0.0074775201459814
00000023,00000679,0.0074772479948593
00000226,00001021,0.0074771618320187
00000019,00000127,0.0074769733044123
00000019,00000037,0.0074768120824626
00000017,00000167,0.0074767873453183
00000015,00000167,0.0074762926368054
00000010,00000151,0.0074730709571143
00000002,00001104,0.0074730198282012
00000021,00001102,0.0074729823341096
00000019,00000042,0.0074726508686204
00000017,00000060,0.0074713482981466
00000024,00000150,0.0074713074138156
00000021,00000141,0.007471171987665
00000019,00000195,0.0074700955669788
00000019,00000142,0.0074687845241533
00000005,00001651,0.00746852577528
00000000,00000543,0.0074683325764641
00000064,00000623,0.0074679683345197
00000032,00000230,0.0074677445305744
00000064,00000724,0.0074670204507899
00000009,00000686,0.0074662208078752
00000000,00001940,0.0074652869737371
00000064,00001643,0.0074640099213383
00000022,00001980,0.0074635934008878
00000023,00000938,0.0074635126523029
00000124,00000832,0.0074634098066353
00000070,00000232,0.0074626746701544
00000061,00000569,0.0074621376446489
00000009,00000908,0.0074613704780612
00000021,00002028,0.0074613322512944
00000226,00000510,0.0074585622783576
00000023,00001165,0.0074585546387268
00000030,00000676,0.0074584892780802
00000226,00001851,0.0074572137015833
00000226,00000939,0.0074569235115765
00000226,00000331,0.0074563219907797
00000018,00000150,0.0074549996649936
00000030,00000158,0.007454994576769
00000009,00000732,0.0074520191553824
00000124,00001029,0.007451855618478
00000226,00000623,0.0074487540135822
00000023,00001863,0.0074482376125998
00000002,00001027,0.0074475892498158
00000064,00000257,0.0074474470652381
00000019,00000152,0.0074470645479683
00000009,00000682,0.0074465940717675
00000124,00000916,0.0074458453248791
00000019,00000138,0.0074455281046645
00000009,00001737,0.0074454849648033
00000226,00000910,0.0074445081076709
00000010,00000170,0.0074440768497342
00000001,00000488,0.0074438299559181
00000226,00001208,0.0074433590429214
00000002,00001127,0.0074429752548556
00000008,00001123,0.0074426768743028
00000016,00000378,0.0074418207479134
00000124,00000729,0.0074417818761679
00000124,00001916,0.0074417675106256
00000009,00002096,0.0074412563024327
00000002,00001051,0.0074411397061035
00000065,00000124,0.007439329552219
00000000,00001123,0.0074390593294948
00000017,00001460,0.0074382065677675
00000032,00000176,0.0074370721067808
00000023,00000677,0.0074369294795567
00000009,00001364,0.0074367843261055
00000124,00001956,0.0074364923485351
00000002,00001055,0.0074364324368976
00000064,00000482,0.0074361421744634
00000018,00001241,0.0074360814247285
00000006,00001102,0.0074358890571161
00000061,00001981,0.0074357819092972
00000008,00001055,0.0074346895152681
00000226,00000705,0.0074337930640995
00000000,00001889,0.0074324272983383
00000015,00000653,0.0074318870320511
00000226,00000563,0.007431334204344
00000015,00000607,0.0074306828833398
00000012,00000030,0.0074292433045441
00000030,00000073,0.0074288862338439
00000009,00000618,0.007428025699772
00000064,00000565,0.0074270315343989
00000016,00000259,0.0074268219602567
00000006,00000653,0.0074265257149798
00000061,00002110,0.0074232652127324
00000023,00001225,0.0074231054577993
00000124,00000733,0.0074228448197749
00000019,00000194,0.0074208528047304
00000023,00000876,0.0074204318447669
00000124,00000991,0.0074199202032507
00000016,00000427,0.0074197656325006
00000226,00000938,0.0074193607548692
00000030,00000082,0.0074190651045151
00000009,00001040,0.0074182311951246
00000022,00001582,0.0074175082894639
00000019,00001092,0.0074165891181789
00000037,00000167,0.0074157935264567
00000007,00000170,0.0074153001439362
00000070,00000677,0.0074142858952985
00000037,00001613,0.0074141323979688
00000226,00000909,0.0074140661360583
00000226,00000776,0.0074136895560485
00000021,00000171,0.0074135998199088
00000124,00000822,0.0074132702469344
00000019,00002124,0.0074122146366356
00000226,00000876,0.007411800523766
00000032,00001366,0.0074110419957161
00000021,00000072,0.0074099719389826
00000124,00000250,0.0074099660742138
00000002,00000986,0.0074094910587739
00000003,00000076,0.0074081568174406
00000070,00000576,0.0074074651777589
00000124,00000346,0.0074074383855998
00000010,00000044,0.0074072617296525
00000064,00001916,0.0074066213178374
00000010,00001152,0.0074062622333967
00000226,00000671,0.0074054772236601
00000018,00000077,0.0074036919044714
00000001,00000835,0.0074030504372347
00000029,00000032,0.007402577144159
00000019,00000576,0.0074025202861654
00000015,00000132,0.0074022552391038
00000064,00000880,0.0074020696338496
00000002,00001926,0.0074018790219255
00000000,00000727,0.0074010472996894
00000003,00000159,0.0074005583844161
00000124,00000702,0.0073992273579025
00000124,00001263,0.0073989274626023
00000124,00000909,0.007398832236311
00000004,00000677,0.0073986827192733
00000064,00001117,0.0073971052234154
00000003,00000081,0.0073969641250174
00000004,00000561,0.0073958380354805
00000017,00000023,0.0073950368758857
00000007,00000025,0.007394705613741
00000008,00000879,0.0073943051349103
00000032,00000155,0.0073941841654611
00000019,00000476,0.0073929246498355
00000064,00001853,0.0073917506006022
00000032,00000131,0.0073909369898261
00000000,00000776,0.0073902618955633
00000037,00000133,0.00738954359736
00000001,00000147,0.0073886496694803
00000012,00000021,0.0073868649602275
00000226,00001914,0.0073853316153181
00000003,00000230,0.007385287505695
00000009,00000993,0.0073849321511612
00000037,00000141,0.0073842448410791
00000061,00001270,0.0073839819330403
00000226,00001853,0.0073839711176041
00000029,00000137,0.0073835792874016
00000226,00000543,0.0073816581743506
00000030,00001823,0.0073813256156191
00000030,00001166,0.0073808135337739
00000019,00000370,0.0073804727394599
00000006,00000230,0.0073803663515836
00000226,00000730,0.007379698172867
00000004,00000578,0.0073790193141912
00000000,00000743,0.00737890216762
00000226,00001123,0.0073780033368533
00000042,00000043,0.0073774692925336
00000015,00001635,0.0073774643095914
00000226,00001099,0.0073762752398758
00000004,00000723,0.0073762312383663
00000012,00000077,0.007375918261644
00000010,00001763,0.0073758161556214
00000226,00001441,0.0073756235730943
00000226,00001893,0.0073755621480244
00000226,00001642,0.0073752525480441
00000226,00000736,0.0073744823959776
00000008,00000822,0.0073742475647969
00000006,00001561,0.0073740119188588
00000226,00000379,0.0073727368709405
00000226,00001454,0.0073726796410048
00000021,00000310,0.0073725013215402
00000016,00000177,0.0073722301266112
00000006,00000029,0.0073720219752307
00000010,00000037,0.0073708437780613
00000003,00000077,0.0073686964650473
00000124,00000717,0.0073677330258048
00000004,00001555,0.0073671317288478
00000023,00000061,0.0073671077121373
00000046,00000070,0.0073670331785157
00000226,00000684,0.0073658300832836
00000032,00000159,0.0073642425660322
00000009,00001907,0.0073641598153925
00000022,00001167,0.0073641565054056
00000009,00000364,0.0073634680927992
00000226,00001041,0.0073632314806908
00000124,00000860,0.0073625258712414
00000016,00000021,0.0073619477528175
00000018,00001937,0.0073614499324578
00000183,00000226,0.0073603800946283
00000226,00002154,0.0073602445268738
00000065,00000226,0.0073600593692288
00000124,00000682,0.0073598229761329
00000032,00000319,0.007359161817341
00000070,00000938,0.0073581389082253
00000124,00001906,0.007358107514867
00000022,00001619,0.0073579241169166
00000226,00000716,0.0073578439864478
00000226,00000942,0.0073577977263533
00000107,00000124,0.0073562458721017
00000022,00000051,0.0073556769953603
00000061,00001779,0.0073552155184991
00000001,00000932,0.0073551296687273
00000019,00001394,0.0073550322646824
00000226,00000430,0.0073539395351227
00000044,00000070,0.0073538594914171
00000010,00000021,0.0073537060104226
00000010,00000024,0.0073533173855868
00000019,00001231,0.0073527547362192
00000226,00001432,0.0073519793782004
00000006,00001786,0.0073515793904053
00000019,00001230,0.0073514111611193
00000064,00001739,0.0073496938487359
00000022,00000782,0.0073486266009383
00000015,00000051,0.007348558208753
00000064,00000906,0.007348246752009
00000008,00000931,0.0073480844424247
00000019,00000314,0.0073479328501012
00000226,00000688,0.0073469369452185
00000010,00000154,0.0073465432706869
00000226,00000768,0.0073459207251227
00000017,00000072,0.0073457988634725
00000036,00000044,0.0073450677784689
00000019,00000259,0.0073431370308072
00000061,00001439,0.0073422436012485
00000226,00000758,0.0073421152811583
00000064,00001093,0.007341918696899
00000019,00001159,0.0073416629063646
00000023,00000877,0.0073408134149063
00000019,00000255,0.0073393122776808
00000021,00000177,0.0073393007707856
00000015,00000329,0.0073389481841321
00000226,00000699,0.0073378832329771
00000124,00001979,0.0073376030772789
00000017,00001166,0.0073375595359387
00000009,00000275,0.007336681425633
00000002,00000125,0.007335880713135
00000000,00000757,0.0073345662812072
00000124,00000725,0.0073344037545844
00000022,00000310,0.0073335444532348
00000124,00000699,0.0073324047738949
00000226,00001456,0.007331896176072
00000015,00001553,0.0073318576239527
00000016,00000321,0.0073312736499464
00000023,00001612,0.0073310112200178
00000023,00000782,0.0073303486680522
00000017,00000050,0.0073302633977855
00000032,00001584,0.0073299813641129
00000009,00001335,0.0073298518326642
00000150,00000226,0.0073297583761077
00000000,00001963,0.0073292198176574
00000116,00000226,0.0073287501806019
00000061,00000942,0.007328145396416
00000226,00001335,0.0073276177259115
00000070,00001241,0.0073267166010903
00000033,00000132,0.0073265429552342
00000000,00000064,0.0073257649262907
00000070,00000663,0.0073247963064857
00000064,00001509,0.0073245417076187
00000008,00001053,0.0073240112819456
00000006,00000674,0.0073224687365467
00000010,00000090,0.0073216964805113
00000032,00000782,0.0073209530107776
00000226,00001398,0.0073209039421798
00000124,00000653,0.0073206994967689
00000030,00000137,0.0073203094466015
00000010,00000152,0.0073203061759163
00000032,00000138,0.0073196815286268
00000021,00000156,0.0073195744335806
00000226,00000535,0.0073192441754626
00000044,00001153,0.0073188240386561
00000044,00001763,0.0073187357670154
00000033,00000131,0.0073177330525909
00000226,00001328,0.0073172183181898
00000000,00000909,0.0073171235495909
00000003,00000170,0.0073170867865711
00000064,00000782,0.0073167796255554
00000021,00001153,0.007316749400998
00000226,00001808,0.007316067372657
00000050,00000165,0.0073160559385351
00000037,00001981,0.0073156712828311
00000124,00000761,0.0073146898182433
00000023,00001582,0.0073145428661833
00000124,00001523,0.0073144342887322
00000226,00001762,0.0073139526682267
00000004,00000312,0.0073139249157575
00000226,00000823,0.0073138808387392
00000006,00001980,0.0073136400569994
00000226,00000567,0.007313363381627
00000009,00001042,0.0073128092776804
00000005,00000630,0.0073124608635612
00000226,00000753,0.0073120904549861
00000064,00000739,0.0073120162146101
00000023,00000650,0.0073111654133325
00000019,00000583,0.0073107437568472
00000029,00000150,0.0073102463136719
00000054,00000154,0.0073095173962967
00000111,00000226,0.0073094105984669
00000019,00000988,0.0073086467996288
00000008,00000835,0.0073081920198013
00000023,00001449,0.0073075295117772
00000006,00000007,0.0073071351605928
00000064,00001145,0.007306541269817
00000015,00002168,0.0073065298654519
00000015,00000310,0.0073065192757163
00000037,00000282,0.0073061462107727
00000005,00000653,0.00730501503059
00000022,00000327,0.0073039012947997
00000008,00000880,0.0073027740646329
00000030,00000321,0.0073027366319113
00000021,00000327,0.0073026178262499
00000009,00000439,0.0073020010754228
00000124,00000833,0.007301977481484
00000124,00000910,0.0073017993114898
00000005,00000708,0.00729981643528
00000021,00001104,0.0072980166757721
00000019,00000939,0.007297239818148
00000004,00000260,0.0072954543228149
00000006,00000021,0.0072940861429169
00000021,00000643,0.0072933701844988
00000124,00000735,0.0072933596328747
00000015,00001188,0.0072932232761725
00000022,00000323,0.0072930374172124
00000226,00002116,0.0072927517485478
00000000,00001040,0.0072920433543666
00000015,00000135,0.0072906318451185
00000005,00000878,0.0072900925333171
00000124,00000732,0.0072899668405286
00000004,00000005,0.0072897543890247
00000019,00000561,0.0072896976292687
00000024,00000051,0.0072893911418592
00000005,00000922,0.0072891689951388
00000226,00000619,0.007289145484052
00000124,00000207,0.0072879458092476
00000044,00000676,0.0072868016226742
00000042,00001556,0.0072867894696463
00000021,00000717,0.0072867635433221
00000124,00001092,0.0072863908727992
00000226,00000993,0.007285537114929
00000006,00001796,0.0072852147802174
00000019,00001263,0.0072848195946707
00000193,00000226,0.0072842900484789
00000030,00001066,0.007284082785308
00000022,00000319,0.0072839346317548
00000037,00000072,0.0072838455806064
00000000,00000830,0.0072838358660674
00000033,00000051,0.0072835144913442
00000016,00001093,0.0072828823482672
00000021,00000578,0.0072815471954499
00000016,00000226,0.0072814379773388
00000064,00000762,0.0072803936940432
00000015,00000577,0.0072790384329808
00000010,00000071,0.0072790271143093
00000226,00001668,0.0072790174126189
00000226,00000992,0.0072788840169985
00000064,00001335,0.0072788031735475
00000226,00001163,0.0072784240417221
00000023,00000090,0.0072782179205237
00000001,00000616,0.0072781160767116
00000064,00000834,0.0072762042053564
00000022,00000329,0.0072756904501011
00000030,00000151,0.0072747051477729
00000037,00000142,0.0072741116723097
00000008,00000918,0.0072740301274664
00000061,00000568,0.0072726449518615
00000044,00001165,0.0072724109125224
00000004,00000807,0.0072708980906015
00000006,00001534,0.0072692052833954
00000009,00000766,0.0072687038025382
00000023,00001561,0.0072686900974412
00000015,00000230,0.0072685208034457
00000022,00000525,0.0072679194704408
00000226,00001916,0.0072665293695917
00000064,00000118,0.0072664439662436
00000226,00001302,0.0072664133504379
00000016,00001449,0.0072657938386431
00000018,00000321,0.0072657785334471
00000023,00000230,0.0072634834840426
00000226,00001040,0.0072633039676529
00000124,00001010,0.0072632331295462
00000005,00000762,0.0072630310875373
00000044,00001093,0.0072623678891992
00000064,00001953,0.0072613636640635
00000012,00000153,0.0072598683018946
00000124,00001341,0.0072596326716259
00000033,00000069,0.0072587771326368
00000009,00000124,0.0072582304652085
00000064,00000636,0.0072582031339985
00000044,00000590,0.0072572354203052
00000054,00000525,0.0072570353190261
00000009,00001916,0.007256957370912
00000019,00001533,0.0072561755716358
00000226,00001793,0.0072549040011566
00000019,00001429,0.0072546357671609
00000064,00001092,0.0072536802443689
00000000,00002068,0.0072531503990582
00000226,00001081,0.007252688854491
00000226,00000627,0.0072520451982477
00000002,00000147,0.0072520267409633
00000015,00000669,0.0072518967401431
00000022,00000762,0.0072515934230207
00000022,00000578,0.0072515853991027
00000002,00000715,0.0072514337503918
00000015,00001582,0.0072501349665017
00000061,00000997,0.0072499264343097
00000004,00000042,0.0072498470348207
00000019,00000922,0.0072497459834409
00000006,00000016,0.0072496689938042
00000002,00002097,0.0072488470709618
00000124,00001061,0.0072482497903309
00000009,00001055,0.007247543602928
00000032,00001560,0.0072465354603224
00000018,00000762,0.0072463824202691
00000016,00000567,0.0072461156172057
00000000,00000822,0.0072455836721408
00000016,00000179,0.0072429059065446
00000010,00000069,0.0072421255311335
00000124,00001126,0.007241434939128
00000021,00000761,0.0072412493099731
00000124,00001193,0.0072402245203168
00000023,00000583,0.0072397014374346
00000004,00000159,0.007238976924546
00000021,00001823,0.0072387426484281
00000029,00000154,0.0072384852020603
00000226,00000356,0.007238430037364
00000005,00000850,0.0072376290447855
00000004,00001556,0.0072369968494946
00000006,00000782,0.0072366412382324
00000023,00000594,0.0072355266833231
00000023,00000168,0.0072342767130712
00000037,00000176,0.0072338646769712
00000061,00000747,0.0072333712536404
00000226,00000834,0.0072332347357732
00000069,00001696,0.007233154903151
00000226,00000692,0.0072322513207333
00000019,00000877,0.0072312187035401
00000016,00000481,0.0072308301519526
00000023,00001226,0.0072297772035866
00000065,00000831,0.0072284000591189
00000023,00001087,0.0072282868488106
00000016,00000995,0.007228015796285
00000004,00000232,0.0072268098590112
00000023,00000839,0.0072262711829832
00000009,00002066,0.007225960444879
00000019,00000158,0.007225028390891
00000069,00000762,0.0072248953737342
00000002,00001877,0.0072248475843349
00000021,00000782,0.0072242040820015
00000000,00001124,0.0072234882407241
00000015,00000717,0.0072232685003396
00000018,00001584,0.0072231872953199
00000226,00000617,0.0072223315691136
00000002,00001041,0.0072222559565483
00000064,00000124,0.0072222344669502
00000124,00000189,0.0072218588175969
00000032,00001980,0.0072216678244373
00000037,00000051,0.0072213909022992
00000226,00001437,0.007220345473964
00000005,00000321,0.0072199310462212
00000124,00002169,0.007219771174147
00000065,00001030,0.0072191826514016
00000016,00000135,0.0072190458733706
00000070,00000676,0.0072187103120184
00000226,00001102,0.007218631594797
00000070,00000977,0.007218478140907
00000017,00000030,0.0072183087926327
00000001,00000773,0.0072164115222096
00000023,00001618,0.0072162716707822
00000021,00002029,0.0072159800662074
00000226,00001338,0.007215885518285
00000226,00001413,0.0072156996077476
00000226,00001901,0.0072156781571482
00000023,00000547,0.0072156765682199
00000042,00000383,0.007213875967917
00000019,00001102,0.0072138712035153
00000019,00000071,0.0072137997382443
00000061,00001102,0.0072135488269507
00000010,00001555,0.0072130899267684
00000006,00000042,0.0072130407056488
00000069,00000167,0.0072120834090828
00000023,00000220,0.0072114945518752
00000044,00000157,0.0072104170810837
00000009,00000173,0.0072101600590402
00000124,00001406,0.0072100942199217
00000000,00000229,0.0072099649249112
00000009,00000994,0.0072099371627836
00000226,00001014,0.0072091940104375
00000002,00002067,0.0072088918759717
00000226,00000755,0.0072086167256715
00000016,00000070,0.0072083368392802
00000065,00001778,0.007208145767854
00000016,00000329,0.0072081140557344
00000226,00001188,0.0072074893838661
00000005,00001822,0.0072074275567528
00000065,00000909,0.0072071548959847
00000023,00000348,0.0072058354776785
00000030,00000561,0.0072044579342368
00000124,00000757,0.0072040770045655
00000009,00000773,0.0072034712430516
00000012,00000018,0.0072027998774328
00000226,00000727,0.0072027428804553
00000002,00000960,0.0072024278301037
00000002,00000929,0.0072023027675059
00000004,00000155,0.0072021492155728
00000009,00000429,0.0072021325943645
00000019,00000220,0.0072015065847149
00000033,00000142,0.0072012399107536
00000022,00000165,0.0072007002927152
00000003,00000010,0.007200542853426
00000023,00000138,0.0072003822566215
00000042,00001981,0.0071997201671263
00000019,00000374,0.0071994306895506
00000000,00000330,0.0071993484378745
00000005,00000607,0.0071985513266946
00000226,00001666,0.0071984469561584
00000016,00000724,0.0071984390494229
00000069,00000990,0.0071977441152324
00000009,00000482,0.0071976405585991
00000226,00001940,0.0071976342346264
00000010,00001980,0.0071976113103186
00000000,00000425,0.0071974295020148
00000017,00000044,0.0071974065790112
00000069,00000807,0.0071969339234139
00000124,00000305,0.0071964471056306
00000061,00001309,0.0071959674648631
00000019,00000995,0.007195528969536
00000017,00000029,0.0071954807778137
00000021,00001165,0.0071953678063065
00000226,00001892,0.0071946647766619
00000226,00001304,0.0071942817228293
00000124,00001749,0.0071937755225026
00000022,00000077,0.0071935986455802
00000022,00001102,0.0071930964888653
00000226,00001206,0.0071922976041404
00000009,00001145,0.0071922833963345
00000070,00000567,0.0071922636633639
00000019,00001071,0.0071915494027269
00000061,00000746,0.0071909638937594
00000045,00000155,0.0071909512692792
00000019,00000724,0.007190246735748
00000016,00000717,0.0071898389110097
00000008,00001737,0.0071897300603912
00000016,00000679,0.0071894011622441
00000029,00000471,0.0071889997422157
00000032,00001240,0.0071880007243279
00000226,00000820,0.0071877831376862
00000024,00000133,0.0071877713127027
00000065,00001124,0.007187448111551
00000069,00000940,0.0071871769603251
00000061,00000454,0.0071870067130344
00000050,00000230,0.007185471698982
00000065,00000835,0.0071849943077864
00000226,00000916,0.0071837885079333
00000017,00000762,0.0071833617313024
00000019,00000790,0.0071830168824352
00000222,00000226,0.0071826264086243
00000070,00000578,0.0071821564793054
00000065,00000906,0.0071821501825127
00000069,00000206,0.0071819329499228
00000226,00000393,0.0071817999408018
00000029,00000167,0.0071817377666303
00000005,00000890,0.007181367891913
00000064,00001611,0.0071811459853694
00000042,00000044,0.0071809555658651
00000000,00000714,0.0071809067823278
00000015,00001310,0.007180841476372
00000018,00000763,0.0071806841175026
00000061,00000842,0.0071801617355096
00000042,00000149,0.0071801365623934
00000065,00000305,0.0071798179803957
00000009,00000987,0.0071795599890273
00000018,00000942,0.0071794844828659
00000006,00000011,0.0071793877429175
00000019,00001398,0.0071792658385651
00000016,00000141,0.0071792076405278
00000061,00000762,0.0071789135189361
00000030,00000613,0.0071783222030053
00000124,00001756,0.0071770156773812
00000015,00000742,0.007176883636276
00000124,00000489,0.007176334303121
00000019,00001054,0.0071756059180354
00000226,00001286,0.0071750175034473
00000024,00000090,0.0071742940978907
00000016,00000761,0.0071739045718316
00000124,00000365,0.0071737310264633
00000023,00000599,0.0071726373341814
00000226,00000503,0.00717234846039
00000069,00000076,0.007171288147667
00000226,00000988,0.0071707671318102
00000022,00000232,0.0071692688485663
00000019,00000257,0.0071691786577787
00000226,00000676,0.0071690570998726
00000065,00001642,0.0071686218779479
00000124,00000758,0.0071667357430228
00000226,00001898,0.0071656136267368
00000030,00000150,0.0071650448668077
00000001,00000753,0.0071648239678754
00000070,00000378,0.0071647456381921
00000226,00000669,0.0071646704433074
00000069,00000763,0.0071646508615652
00000019,00002168,0.0071641441233051
00000021,00000676,0.0071640368324366
00000226,00001820,0.0071639217136919
00000016,00000877,0.0071638324404777
00000010,00000043,0.0071636053519792
00000018,00000761,0.0071635724644936
00000008,00000832,0.0071634463985963
00000070,00002117,0.007163376711899
00000002,00002007,0.0071632201175259
00000006,00000762,0.007163014206346
00000002,00001040,0.0071620873611605
00000006,00001779,0.0071618439475118
00000124,00001028,0.0071596164247736
00000226,00001508,0.0071579070155811
00000024,00000073,0.0071578859072131
00000032,00001102,0.0071575278657142
00000226,00000299,0.0071573512034126
00000226,00000739,0.0071572886701745
00000019,00001188,0.0071571800212719
00000226,00000674,0.0071564680227002
00000019,00000170,0.0071561273138993
00000010,00000075,0.0071557913255247
00000061,00000208,0.0071557178811056
00000226,00001371,0.0071556475633936
00000023,00000262,0.0071555006819649
00000055,00000069,0.0071554092747581
00000005,00000891,0.0071553467754482
00000226,00001960,0.0071542422803099
00000009,00000831,0.0071541524671979
00000015,00000168,0.0071540243897912
00000009,00000402,0.0071538978788064
00000051,00000149,0.0071536839136204
00000001,00001053,0.0071533676746501
00000015,00001281,0.0071532263521994
00000016,00000296,0.0071528149092358
00000226,00000685,0.0071528110058291
00000186,00000226,0.0071525518291524
00000006,00000030,0.0071513030482516
00000050,00001980,0.0071509456649901
00000033,00001981,0.0071504073165984
00000015,00001283,0.0071502005811501
00000019,00001386,0.0071500086789427
00000006,00001863,0.0071494080760078
00000000,00000785,0.007149278608596
00000042,00000150,0.0071487428505481
00000015,00000165,0.0071486118476984
00000010,00000031,0.00714766533884
00000002,00000714,0.0071472818168334
00000019,00000779,0.0071468188390039
00000000,00000744,0.0071467814292734
00000226,00000735,0.0071467494754386
00000037,00000068,0.0071456390623616
00000016,00000240,0.0071448491258963
00000022,00002117,0.0071446061036582
00000061,00001669,0.0071443755593807
00000044,00000763,0.0071439004981632
00000009,00001889,0.0071430798035565
00000029,00001165,0.0071424212040629
00000009,00000226,0.0071423005518346
00000226,00000538,0.0071420880581445
00000065,00000903,0.0071420880581445
00000016,00000030,0.0071420086681422
00000010,00000166,0.0071418172053978
00000045,00000132,0.0071417440475476
00000004,00000033,0.0071416522132191
00000226,00000542,0.0071416086316522
00000002,00000833,0.0071416039622302
00000226,00001059,0.0071412444350684
00000015,00000630,0.0071408639360111
00000021,00000938,0.0071407386680979
00000015,00000138,0.0071406149606212
00000030,00000037,0.0071405301573431
00000015,00000166,0.0071397359051605
00000002,00001837,0.0071384923725444
00000036,00001852,0.0071384255031404
00000065,00001146,0.0071384208378799
00000032,00000327,0.0071380398621884
00000124,00000564,0.0071376068432851
00000019,00001246,0.0071369500298062
00000030,00000043,0.0071368132412627
00000024,00000159,0.0071368132412627
00000004,00002124,0.0071364339913612
00000124,00000407,0.0071361915412348
00000065,00000782,0.0071360749845379
00000124,00000229,0.0071359273515208
00000016,00000620,0.0071355753879702
00000226,00000851,0.0071346059196022
00000018,00000679,0.0071344342703664
00000044,00000650,0.0071343721369325
00000000,00001956,0.0071338929691814
00000124,00001529,0.0071334092070787
00000018,00000232,0.0071333090462388
00000061,00000958,0.0071329247342349
00000036,00000043,0.0071329061019782
00000226,00000577,0.0071316820207419
00000061,00001071,0.0071312761563187
00000015,00000677,0.0071311302737023
00000124,00000727,0.0071311147546263
00000226,00001802,0.0071310511271208
00000032,00000042,0.0071309750859816
00000006,00000152,0.0071307655932726
00000019,00001262,0.0071304443950241
00000044,00000165,0.0071303567299976
00000019,00000319,0.0071302814794376
00000022,00000176,0.0071300006614746
00000001,00000879,0.0071296764295743
00000000,00001364,0.0071287201947954
00000002,00000377,0.0071286899531113
00000019,00001074,0.007127931668612
00000036,00000316,0.0071277595651475
00000019,00000379,0.0071271929228331
00000124,00000995,0.0071259653776986
00000226,00001138,0.007125796468351
00000002,00001052,0.0071252146446992
00000124,00000643,0.0071250798549065
00000042,00002117,0.0071248474706878
00000019,00000347,0.007124654603298
00000036,00000688,0.0071238747199844
00000002,00000860,0.0071237306887178
00000226,00000565,0.0071232630144436
00000045,00000054,0.0071225964524609
00000061,00000347,0.0071202385523282
00000126,00000226,0.0071201611944696
00000065,00000636,0.0071201031771787
00000022,00000179,0.0071197605076653
00000016,00001249,0.0071197380767255
00000023,00000282,0.0071196104551027
00000061,00000168,0.007119509134527
00000124,00001286,0.0071190744942449
00000226,00001471,0.0071177577499127
00000226,00000545,0.0071176688505001
00000226,00001823,0.0071149882238346
00000139,00000226,0.0071149140697382
00000009,00001992,0.0071145085668622
00000033,00000045,0.0071142784162697
00000004,00001980,0.0071139857294766
00000124,00001806,0.0071135177895472
00000023,00001404,0.0071133448372351
00000226,00000274,0.0071131440995614
00000226,00000327,0.007112167595208
00000070,00000596,0.0071112222239583
00000030,00000942,0.0071109020123214
00000030,00000807,0.0071106512643062
00000226,00000857,0.0071104421925584
00000009,00001890,0.0071103488471505
00000135,00000232,0.007109861330799
00000061,00001225,0.0071097795703625
00000017,00000032,0.0071097533457152
00000032,00000170,0.0071089512734846
00000064,00001954,0.0071084385048373
00000000,00001967,0.0071082750512843
00000023,00001092,0.0071082457538004
00000226,00001645,0.007108214143628
00000044,00001152,0.0071081902434405
00000069,00001188,0.0071081046666676
00000226,00001397,0.0071077076482365
00000030,00000165,0.0071076621674031
00000061,00001249,0.0071068451532782
00000226,00000546,0.0071065993150398
00000004,00000150,0.0071059659168225
00000009,00000757,0.0071056292291862
00000019,00000914,0.0071055668260583
00000021,00000167,0.0071054304674821
00000226,00002098,0.0071051107772158
00000001,00000768,0.007104826546657
00000023,00000854,0.0071047356592987
00000226,00000579,0.0071045954816611
00000000,00000622,0.0071043544198686
00000232,00001087,0.0071038592547885
00000007,00000154,0.0071035096774697
00000002,00000356,0.0071030492735025
00000070,00000703,0.0071027182506781
00000000,00002067,0.0071026497405055
00000226,00000697,0.0071025057964709
00000000,00000798,0.007102122487338
00000002,00001300,0.0071020316691486
00000009,00001161,0.007101985491299
00000226,00000440,0.0071016407156688
00000232,00000943,0.0071015737653544
00000018,00000043,0.0071012513441623
00000030,00001404,0.0071011628565927
00000019,00000957,0.0071007958490855
00000002,00002068,0.0071005742780136
00000009,00002098,0.0071003027184421
00000011,00000619,0.0071000411792854
00000124,00001054,0.0070998934950974
00000232,00000716,0.0070998396534321
00000232,00001870,0.0070993135864175
00000232,00001441,0.0070989890634882
00000069,00000230,0.0070988675672762
00000021,00002026,0.0070987422306055
00000044,00000072,0.0070985761471117
00000022,00000167,0.0070985707649063
00000124,00001863,0.0070982217078687
00000021,00001162,0.0070978903660997
00000069,00000672,0.0070973407606184
00000000,00000649,0.0070971824285389
00000232,00001437,0.0070970241035236
00000019,00001619,0.0070968596374446
00000004,00000717,0.007096712854064
00000018,00000561,0.0070967105486144
00000017,00001453,0.0070964615688641
00000001,00000802,0.0070963124967583
00000023,00000807,0.0070962579410067
00000065,00000801,0.0070960573981996
00000232,00001222,0.0070959436854752
00000003,00000132,0.0070957892571379
00000044,00000914,0.0070957823425934
00000064,00001602,0.0070955664619285
00000061,00000501,0.0070954811888438
00000098,00000232,0.0070954543013593
00000124,00001604,0.0070954028316001
00000021,00000922,0.0070949872598556
00000002,00000191,0.0070945387120883
00000232,00001400,0.0070942991002225
00000010,00000032,0.0070941723889519
00000004,00000513,0.0070936632856597
00000042,00000071,0.0070926997984723
00000051,00001763,0.0070920619681034
00000064,00000772,0.0070913429154902
00000030,00001555,0.0070911871527632
00000012,00000151,0.0070910383021672
00000019,00001389,0.0070908188740252
00000023,00001439,0.0070905603345165
00000019,00000679,0.0070905549644595
00000065,00000762,0.0070903478398976
00000030,00000590,0.007090048681337
00000124,00001078,0.0070900479142962
00000232,00001808,0.0070899474333883
00000232,00001717,0.0070888998403007
00000018,00000071,0.0070882143942581
00000009,00001940,0.0070879384131523
00000019,00001240,0.0070877176437405
00000116,00000992,0.0070872968401422
00000023,00000663,0.007087090672283
00000000,00000768,0.0070870853074802
00000065,00001529,0.0070869067408231
00000019,00000716,0.0070865074891352
00000116,00000246,0.0070863090295078
00000008,00000117,0.007086208654547
00000116,00001603,0.0070859489188024
00000009,00000117,0.0070858707719507
00000000,00002096,0.0070856386399976
00000023,00000609,0.0070851843795555
00000023,00000653,0.0070846344423325
00000023,00000296,0.0070841313015891
00000032,00000076,0.007083674171741
00000005,00000430,0.0070831864784806
00000021,00001556,0.0070830280117675
00000232,00001602,0.0070827531998349
00000016,00000051,0.0070825840365195
00000010,00000017,0.0070825074946883
00000009,00002067,0.007081837824228
00000226,00001239,0.0070812432630078
00000043,00000314,0.0070810619302268
00000069,00000957,0.007081050453781
00000226,00000444,0.0070810252057312
00000015,00000525,0.0070808377637189
00000070,00000940,0.0070807627896926
00000232,00000790,0.0070803466362087
00000000,00000183,0.0070802816166455
00000116,00000440,0.0070801860018102
00000065,00000730,0.007079736264268
00000032,00000329,0.0070789998277129
00000002,00001957,0.0070780265594479
00000064,00000841,0.0070779210680472
00000002,00000738,0.0070769129429347
00000015,00000576,0.0070766936239569
00000124,00001645,0.0070765316270299
00000003,00000011,0.007076261139259
00000124,00002066,0.0070761847340297
00000021,00000073,0.0070761725093462
00000004,00000703,0.0070759639321914
00000226,00002125,0.0070758852414412
00000226,00001152,0.0070753963284289
00000001,00002066,0.0070752420292868
00000124,00000931,0.0070749510180335
00000226,00001060,0.0070748601296611
00000044,00000476,0.0070738803638186
00000226,00001222,0.007073835314862
00000226,00001603,0.0070731634663163
00000141,00000404,0.0070726176833356
00000008,00002068,0.0070723299407675
00000019,00000060,0.007072313150147
00000011,00000561,0.0070720132220403
00000009,00001328,0.0070720124588969
00000226,00000854,0.0070717499473417
00000043,00000674,0.0070713623205669
00000008,00001042,0.0070713363785599
00000044,00000356,0.0070711174050846
00000065,00000183,0.0070710258522514
00000226,00001062,0.0070706733959763
00000226,00001215,0.0070706650045885
00000124,00000430,0.0070704483611072
00000141,00000676,0.007069816814332
00000124,00001808,0.0070695666675799
00000017,00000226,0.007069306625242
00000043,00001533,0.007069002377116
00000232,00002124,0.0070685456728293
00000065,00000880,0.0070683947217849
00000019,00000167,0.0070680974128257
00000008,00001956,0.0070679487677248
00000226,00001719,0.0070676926554491
00000001,00001030,0.0070674144592769
00000226,00000783,0.0070672361203746
00000226,00000856,0.0070671652445923
00000043,00000914,0.0070670143525005
00000015,00000450,0.0070669168095268
00000003,00000525,0.0070669076650111
00000069,00000226,0.007066547999497
00000021,00000131,0.0070665472375327
00000000,00001853,0.0070665236167195
00000069,00000567,0.0070654341830915
00000226,00001283,0.0070652902201423
00000141,00001442,0.0070650998019732
00000011,00000232,0.00706469158001
00000017,00000156,0.0070645263244585
00000069,00000179,0.0070642247720425
00000232,00001652,0.0070638174125642
00000070,00000226,0.0070637481280571
00000059,00000890,0.0070627653480919
00000232,00001158,0.0070626831449674
00000023,00000025,0.0070624449189428
00000019,00001764,0.0070621960546057
00000016,00000890,0.0070620948395716
00000000,00000681,0.0070617782759373
00000062,00000118,0.0070608196265272
00000226,00001756,0.0070608143014242
00000232,00001216,0.0070605678340154
00000036,00001291,0.0070604811180933
00000065,00000481,0.0070603731065027
00000041,00000761,0.0070597912699286
00000122,00000124,0.0070597296693175
00000008,00000823,0.0070597091360194
00000009,00001010,0.0070596939262459
00000017,00001159,0.0070596642673761
00000002,00001529,0.0070594406931471
00000226,00000350,0.0070593943070707
00000016,00001226,0.0070589107115006
00000019,00001087,0.0070582705815426
00000116,00000936,0.007057964242132
00000070,00000613,0.0070578851911167
00000011,00000762,0.0070573957223368
00000016,00000018,0.0070571548131032
00000059,00001674,0.0070568668075613
00000005,00001451,0.0070564375025706
00000118,00001706,0.0070562870682255
00000226,00000409,0.0070544914686466
00000004,00000149,0.0070541983653152
00000019,00001796,0.0070537207957435
00000012,00000052,0.0070536008440728
00000064,00001784,0.0070522763326699
00000124,00000188,0.0070519841722037
00000124,00001016,0.0070517072112572
00000065,00000946,0.007051533457824
00000069,00000153,0.0070514234437019
00000226,00000707,0.0070511670103163
00000043,00001540,0.0070511123878628
00000001,00001049,0.0070505730365715
00000124,00000618,0.0070500443855028
00000024,00000131,0.0070497979110283
00000009,00001749,0.0070497971526719
00000124,00001071,0.007049644726347
00000141,00001439,0.0070496371431199
00000232,00000651,0.0070493641578082
00000065,00001774,0.0070488993731323
00000010,00000052,0.0070486158315077
00000061,00000346,0.0070483641505675
00000044,00000577,0.0070480306252072
00000000,00000174,0.0070479381533102
00000124,00001787,0.0070476304364377
00000116,00001127,0.0070473939826163
00000226,00002169,0.0070473560908508
00000008,00000616,0.0070473515438663
00000005,00001602,0.0070473469968877
00000002,00001963,0.0070472818241723
00000124,00000306,0.0070471408733525
00000059,00000236,0.0070468726276912
00000226,00000319,0.0070467226008875
00000226,00001640,0.0070465854607618
00000033,00000149,0.0070465801571072
00000064,00000607,0.0070463051356765
00000141,00000248,0.0070462642252318
00000043,00000069,0.0070457975767384
00000232,00001551,0.0070457953042509
00000118,00001529,0.0070456354763055
00000061,00001240,0.0070455286758908
00000141,00001295,0.0070451249844259
00000044,00000578,0.0070451158962199
00000069,00001442,0.0070447849500277
00000061,00001054,0.0070446600013135
00000064,00001868,0.007044642584572
00000124,00001123,0.0070445857914479
00000005,00000487,0.0070445009820874
00000029,00001555,0.0070442821530807
00000019,00001283,0.0070442230942945
00000032,00000068,0.0070438475641567
00000118,00001354,0.007043485700013
00000124,00001147,0.0070430799718861
00000019,00000537,0.0070427878160286
00000116,00000393,0.0070426530994723
00000116,00000688,0.0070425426054699
00000116,00000671,0.0070425123337456
00000023,00000165,0.0070424033576927
00000257,00000816,0.0070422103875397
00000019,00000747,0.0070421127713726
00000036,00000226,0.0070416270009261
00000226,00001177,0.0070415891711498
00000232,00001329,0.0070413311829137
00000019,00000082,0.0070413168087586
00000064,00001078,0.0070409990792638
00000124,00001366,0.0070409824370806
00000010,00000653,0.0070405981758215
00000124,00001310,0.0070400271563547
00000070,00000763,0.0070396883700451
00000232,00001620,0.0070396263635811
00000002,00001734,0.0070391394239604
00000124,00001551,0.0070383721015151
00000036,00000220,0.0070381408036256
00000005,00000896,0.0070381158606436
00000141,00000663,0.0070380591727058
00000070,00000158,0.007037500656383
00000116,00001825,0.007037282262067
00000124,00000885,0.0070365742740499
00000030,00001001,0.007036531210005
00000008,00000730,0.0070365100559304
00000118,00001147,0.0070363710466043
00000007,00000171,0.0070358377248272
00000149,00000155,0.0070357108273036
00000023,00000311,0.0070355718495536
00000065,00001078,0.0070346935465467
00000061,00000676,0.007034376414488
00000141,00001304,0.0070338856712377
00000141,00000401,0.0070335369076628
00000011,00001553,0.0070334116027895
00000065,00000351,0.0070333466875626
00000000,00000392,0.0070330047701578
00000226,00001507,0.0070328462766779
00000232,00001456,0.0070325874193561
00000001,00000439,0.0070323663114285
00000257,00000696,0.0070319060289452
00000008,00000488,0.007031761920095
00000226,00000837,0.0070317219328222
00000023,00000977,0.0070316849638614
00000008,00001036,0.0070313688573961
00000065,00000651,0.0070311591413437
00000044,00000705,0.0070305949314834
00000257,00001953,0.007030531576673
00000065,00000910,0.0070304704856158
00000070,00001182,0.007030112256956
00000019,00000029,0.0070297729161093
00000061,00001304,0.0070297231488731
00000044,00000674,0.007029557263175
00000019,00001224,0.0070294811091812
00000226,00001404,0.007029457735514
00000155,00001851,0.0070294562275408
00000021,00001182,0.0070290031109044
00000180,00000226,0.0070289179224536
00000141,00001686,0.0070287724283703
00000226,00000890,0.0070286917684427
00000059,00000942,0.0070284739205073
00000024,00000141,0.0070283269373155
00000124,00001403,0.0070283058325415
00000023,00000762,0.0070282786980182
00000257,00001471,0.0070282568398046
00000019,00001232,0.0070281226785752
00000073,00000232,0.0070279365195113
00000257,00001569,0.0070277677036241
00000202,00000226,0.007027193488866
00000019,00001851,0.0070268883341709
00000021,00000077,0.0070262562585099
00000016,00001281,0.0070259082510895
00000257,00001142,0.007025715430652
00000064,00000765,0.0070256642145023
00000061,00001338,0.007025648397901
00000002,00001758,0.0070253584394991
00000226,00001107,0.0070253283153233
00000001,00000950,0.0070253087347476
00000012,00000156,0.0070252424628397
00000017,00000037,0.0070252402035921
00000257,00000305,0.007025035371186
00000051,00000193,0.0070250225695572
00000141,00001263,0.0070248975678693
00000018,00000346,0.0070248968148605
00000002,00001025,0.0070247454633817
00000061,00000633,0.0070247401925522
00000226,00000991,0.0070243659838731
00000064,00000770,0.0070242041152086
00000041,00001291,0.0070240994692054
00000257,00000785,0.0070238788946779
00000019,00000607,0.0070237012406259
00000232,00000581,0.0070236304826163
00000118,00000353,0.0070235875768579
00000116,00000620,0.0070230215710152
00000116,00000397,0.0070229749097105
00000023,00000674,0.0070229681363469
00000008,00001924,0.0070228973931072
00000116,00001099,0.0070226528131009
00000232,00001496,0.0070223646068366
00000257,00001668,0.0070222803316681
00000030,00000168,0.0070221275880808
00000015,00001554,0.0070219808702023
00000257,00001182,0.0070216949760531
00000061,00000202,0.0070212165316137
00000124,00001328,0.0070211721509217
00000043,00001153,0.0070210156946526
00000019,00000852,0.0070209886163908
00000069,00001301,0.0070203410568582
00000009,00000860,0.0070201289901569
00000019,00001863,0.0070199928831737
00000036,00000203,0.0070194680559363
00000065,00001885,0.0070193830984488
00000070,00000374,0.007019324456427
00000176,00000232,0.0070190996710868
00000019,00001181,0.0070185764807005
00000022,00000607,0.007018505074269
00000064,00000258,0.0070181856422331
00000065,00000744,0.007018096958025
00000054,00000170,0.0070177339773823
00000155,00000840,0.0070177294685421
00000019,00001238,0.0070171170715871
00000023,00001295,0.0070168413400051
00000226,00001686,0.0070167970146064
00000257,00000832,0.0070164198957301
00000090,00000226,0.0070159849822635
00000064,00000919,0.0070157123438041
00000155,00001389,0.0070153293338305
00000226,00000734,0.0070152827746847
00000124,00000663,0.0070151844017477
00000012,00000042,0.0070150755188893
00000226,00000947,0.0070149388569126
00000232,00001071,0.0070144650865639
00000155,00001414,0.0070143907607321
00000226,00000835,0.0070143719918318
00000141,00000313,0.0070141602855924
00000141,00001404,0.0070141572827589
00000226,00000774,0.0070140844648346
00000226,00001868,0.0070140814620661
00000155,00001561,0.0070135988004451
00000226,00001136,0.0070131297140065
00000116,00000919,0.0070130749288028
00000076,00000141,0.0070130058856557
00000065,00001610,0.0070129736159553
00000141,00001386,0.0070129721150463
00000155,00001555,0.0070127267250525
00000045,00000401,0.0070122622570676
00000226,00001780,0.0070121121997869
00000001,00000146,0.0070119854063909
00000232,00001572,0.0070118241078102
00000036,00000696,0.0070108249722128
00000021,00000596,0.0070105887317751
00000257,00001244,0.0070099243440309
00000059,00001451,0.0070091101533809
00000061,00000226,0.007008304395846
00000017,00001546,0.0070079933855218
00000024,00000069,0.0070074486219161
00000232,00000577,0.0070074418784683
00000018,00000576,0.0070074253945392
00000155,00000631,0.0070074156540721
00000064,00002026,0.0070073040152677
00000116,00001823,0.0070072950243778
00000226,00002126,0.0070066409990279
00000016,00000684,0.0070064634668245
00000018,00001092,0.0070063982990326
00000155,00000186,0.0070061031865069
00000023,00001851,0.0070060507579483
00000064,00000727,0.0070059406605292
00000033,00000170,0.0070055497303062
00000015,00000323,0.0070055467348407
00000220,00000226,0.0070051550997948
00000018,00000922,0.0070050704884149
00000036,00000433,0.0070050532668799
00000018,00001001,0.007005028557869
00000021,00000942,0.0070049873765715
00000004,00000679,0.0070044707796129
00000015,00000487,0.0070044393370407
00000045,00000156,0.0070041743322917
00000257,00000375,0.0070041271725314
00000011,00000054,0.0070039654867459
00000017,00001403,0.0070038831496313
00000005,00001466,0.0070038569518645
00000005,00001590,0.0070038554548551
00000131,00000226,0.0070035785191389
00000002,00000649,0.0070032192838156
00000118,00001924,0.0070030920634757
00000118,00001758,0.0070026894789762
00000017,00000152,0.0070026363532523
00000127,00000141,0.0070026206401645
00000257,00000823,0.007002603430673
00000017,00001404,0.0070023408093635
00000016,00001573,0.0070022188580173
00000002,00000615,0.0070018373198912
00000009,00000919,0.0070013294150274
00000002,00000964,0.00700132642317
00000009,00001502,0.0070008686991006
00000023,00000127,0.0070008522460818
00000002,00001126,0.0070004401979683
00000019,00001309,0.0070003945840086
00000019,00001414,0.0070002525115499
00000037,00000081,0.0070000895092011
00000141,00000803,0.0069999788513822